command,mean,stddev,median,user,system,min,max
pdu --progress tmp.sample,0.2078014604407143,0.0014294479182591073,0.20753074365500002,0.11246843999999999,0.1492840807142857,0.20657753315500002,0.21232317215500002
ncdu -o /dev/stdout -1 tmp.sample,0.20276143348833334,0.006594680055451533,0.20178870015500003,0.08293307333333333,0.11935046166666667,0.192277535155,0.216201599155
gdu --show-apparent-size --non-interactive tmp.sample,0.305271385855,0.010108993012266346,0.307741201655,0.38754703999999995,0.19543019499999997,0.285783476155,0.315195477155
