command,mean,stddev,median,user,system,min,max
pdu --top-down tmp.sample,0.12239138337152176,0.0037519510238556834,0.122780533415,0.09302269891304348,0.14643020043478258,0.115946687415,0.128813074415
dust --apparent-size --reverse tmp.sample,0.535694871415,0.06612865524409553,0.521012472415,0.6987829249999999,0.23260826999999998,0.477684430415,0.701430538415
dutree tmp.sample,3.7094335371150002,0.05391451191367445,3.7074635844149997,1.4630301250000002,2.2457416699999997,3.630801782415,3.777630002415
