{
  "results": [
    {
      "command": "pdu --no-sort tmp.sample",
      "mean": 0.12789760941652173,
      "stddev": 0.0039610626127970245,
      "median": 0.12813591946,
      "user": 0.09374102195652176,
      "system": 0.1565151965217391,
      "min": 0.11957426546000001,
      "max": 0.13531446546,
      "times": [
        0.12489099846,
        0.12084417346000001,
        0.12971432946,
        0.12958112946,
        0.12589090546,
        0.12850382146,
        0.11957426546000001,
        0.12766421646,
        0.12496649946,
        0.12970312945999998,
        0.12758431645999999,
        0.12813591946,
        0.12333928846000002,
        0.12602620645999998,
        0.13158314146,
        0.13296475046,
        0.12464989746,
        0.12522230046,
        0.12967542946,
        0.13065203646,
        0.13123373946,
        0.13531446546,
        0.13393005646
      ]
    },
    {
      "command": "du --apparent-size tmp.sample",
      "mean": 0.18828263159333333,
      "stddev": 0.00658569684288655,
      "median": 0.19000512646,
      "user": 0.06503766833333333,
      "system": 0.12281843999999999,
      "min": 0.17404941446,
      "max": 0.19660865846,
      "times": [
        0.19288023446,
        0.19000971646,
        0.19660865846,
        0.19141932546,
        0.19537485046,
        0.18740949946,
        0.18993001546,
        0.17693873246,
        0.17404941446,
        0.18442978046,
        0.19084302146,
        0.18070975646,
        0.18934658646,
        0.19428475546,
        0.19000512646
      ]
    },
    {
      "command": "dua --apparent-size tmp.sample",
      "mean": 0.24451352473272728,
      "stddev": 0.01429314201224415,
      "median": 0.24159708546,
      "user": 0.25698884409090905,
      "system": 0.22551423999999995,
      "min": 0.22373106146,
      "max": 0.26727316546,
      "times": [
        0.26727316546,
        0.23531304146,
        0.23329292746,
        0.24649092046,
        0.25271956446,
        0.23900146846,
        0.24159708546,
        0.26556975446000003,
        0.22373106146,
        0.25496787946,
        0.22969190346
      ]
    },
    {
      "command": "ncdu -o /dev/stdout -0 tmp.sample",
      "mean": 0.20193271592666667,
      "stddev": 0.008465392805647525,
      "median": 0.19965139246,
      "user": 0.07596606833333333,
      "system": 0.12552450666666667,
      "min": 0.19175863846,
      "max": 0.21791902146,
      "times": [
        0.19791668146,
        0.20226621146,
        0.21331388846,
        0.21019786646,
        0.21426749546,
        0.21791902146,
        0.19965139246,
        0.19453945846,
        0.19889858746,
        0.20514583246,
        0.19254004346,
        0.19355325046,
        0.19175863846,
        0.20140340546,
        0.19561896546
      ]
    },
    {
      "command": "gdu --show-apparent-size --non-interactive --no-progress tmp.sample",
      "mean": 0.29588786946,
      "stddev": 0.009927676490250135,
      "median": 0.29475116196,
      "user": 0.36460223499999994,
      "system": 0.20012513999999998,
      "min": 0.28166107046,
      "max": 0.31499780246000003,
      "times": [
        0.28166107046,
        0.28822491646,
        0.30252921546,
        0.29093743546,
        0.29009672946,
        0.29856488846,
        0.30010889846,
        0.28770631146000003,
        0.31499780246000003,
        0.30405142646
      ]
    }
  ]
}
