command,mean,stddev,median,user,system,min,max
pdu --min-ratio=0 tmp.sample,0.711822698775,0.017602216561447767,0.709625027475,0.6221022699999998,0.207936665,0.6779386579750001,0.737397257975
dutree tmp.sample,3.7292388698749996,0.10933687563692013,3.762020707475,1.46775077,2.2607675649999996,3.4540410169749998,3.8482894749749996
ncdu -o /dev/stdout -0 tmp.sample,0.200645356475,0.005611771281092842,0.201048940975,0.07289897,0.12735060249999997,0.18642718797500002,0.20805513997500003
du --apparent-size tmp.sample,0.18892283057500003,0.0037384384691377063,0.18752838397500002,0.05399083666666667,0.13453029833333333,0.18469267597500003,0.19611213997500002
