command,mean,stddev,median,user,system,min,max
pdu --max-depth=1 tmp.sample,0.12464512452833333,0.006419692632619506,0.123221628695,0.09433645166666667,0.14740124333333332,0.11935772019500002,0.152220899195
dutree --summary tmp.sample,0.313280579895,0.007048074686150382,0.311133968195,0.10499676,0.20776623500000002,0.305562938195,0.32589774919500003
dua --apparent-size tmp.sample,0.2573308809222727,0.010717456523070762,0.258760405195,0.2827447509090909,0.22101230772727265,0.239786383195,0.274580068195
ncdu -o /dev/null -0 tmp.sample,0.20457064710409095,0.017991221278855527,0.198991857195,0.0832857509090909,0.12087712590909093,0.185841452195,0.253405991195
du --apparent-size --total tmp.sample,0.18227850457,0.0054834155274151985,0.181159115195,0.062028097500000004,0.119875035,0.173326653195,0.192133997195
