{
  "results": [
    {
      "command": "pdu --max-depth=1 tmp.sample",
      "mean": 0.12464512452833333,
      "stddev": 0.006419692632619506,
      "median": 0.123221628695,
      "user": 0.09433645166666667,
      "system": 0.14740124333333332,
      "min": 0.11935772019500002,
      "max": 0.152220899195,
      "times": [
        0.12174029219500002,
        0.12383065219500002,
        0.124315122195,
        0.123614418195,
        0.126056034195,
        0.12406442019500001,
        0.127730646195,
        0.12468520819500002,
        0.11980212319500001,
        0.12277253919500002,
        0.152220899195,
        0.126436659195,
        0.12146663219500001,
        0.12646235919499998,
        0.122484538195,
        0.12219183519500001,
        0.12282883919500001,
        0.11935772019500002,
        0.127620565195,
        0.128328470195,
        0.12094942919500001,
        0.120980529195,
        0.121162030195,
        0.12038102619500002
      ]
    },
    {
      "command": "dutree --summary tmp.sample",
      "mean": 0.313280579895,
      "stddev": 0.007048074686150382,
      "median": 0.311133968195,
      "user": 0.10499676,
      "system": 0.20776623500000002,
      "min": 0.305562938195,
      "max": 0.32589774919500003,
      "times": [
        0.305562938195,
        0.309262657195,
        0.32589774919500003,
        0.308247552195,
        0.311883272195,
        0.310384664195,
        0.323625336195,
        0.312404775195,
        0.306928745195,
        0.318608109195
      ]
    },
    {
      "command": "dua --apparent-size tmp.sample",
      "mean": 0.2573308809222727,
      "stddev": 0.010717456523070762,
      "median": 0.258760405195,
      "user": 0.2827447509090909,
      "system": 0.22101230772727265,
      "min": 0.239786383195,
      "max": 0.274580068195,
      "times": [
        0.250854339195,
        0.274580068195,
        0.254716259195,
        0.258760405195,
        0.244707160195,
        0.239786383195,
        0.248577452195,
        0.261382254195,
        0.263742074195,
        0.263533671195,
        0.269999623195
      ]
    },
    {
      "command": "ncdu -o /dev/null -0 tmp.sample",
      "mean": 0.20457064710409095,
      "stddev": 0.017991221278855527,
      "median": 0.198991857195,
      "user": 0.0832857509090909,
      "system": 0.12087712590909093,
      "min": 0.185841452195,
      "max": 0.253405991195,
      "times": [
        0.253405991195,
        0.21535018719500001,
        0.201802380195,
        0.185841452195,
        0.195657430195,
        0.194601722195,
        0.198991857195,
        0.205788311195,
        0.197640346195,
        0.207167323195,
        0.194030117195
      ]
    },
    {
      "command": "du --apparent-size --total tmp.sample",
      "mean": 0.18227850457,
      "stddev": 0.0054834155274151985,
      "median": 0.181159115195,
      "user": 0.062028097500000004,
      "system": 0.119875035,
      "min": 0.173326653195,
      "max": 0.192133997195,
      "times": [
        0.17936700119500001,
        0.187596566195,
        0.190631390195,
        0.181202115195,
        0.185954053195,
        0.183944337195,
        0.175250968195,
        0.178202091195,
        0.175835772195,
        0.181116115195,
        0.180075806195,
        0.184172239195,
        0.187545265195,
        0.173326653195,
        0.180101702195,
        0.192133997195
      ]
    }
  ]
}
