{
  "results": [
    {
      "command": "pdu --quantity=blksize tmp.sample",
      "mean": 0.12239804004500003,
      "stddev": 0.0032378275385041683,
      "median": 0.12293010036500002,
      "user": 0.09440153999999999,
      "system": 0.14536903,
      "min": 0.11483784436500001,
      "max": 0.130277050365,
      "times": [
        0.11483784436500001,
        0.12020728036500002,
        0.12375900636500001,
        0.122701797365,
        0.12066188436500001,
        0.130277050365,
        0.120943485365,
        0.12293010036500002,
        0.12117358736500002,
        0.12337450236500001,
        0.12453131036500002,
        0.11693945836500001,
        0.12047688236500001,
        0.122968699365,
        0.125717619365,
        0.12074678436500001,
        0.12382150636500001,
        0.122205694365,
        0.11998067936500001,
        0.12325560236500001,
        0.128397837365,
        0.12302450136500001,
        0.125070714365,
        0.12314340136500002,
        0.118803771365
      ]
    },
    {
      "command": "dust tmp.sample",
      "mean": 0.791579168465,
      "stddev": 0.015124403208933764,
      "median": 0.786266140365,
      "user": 0.9403682999999997,
      "system": 0.23171367000000004,
      "min": 0.771880188365,
      "max": 0.812228473365,
      "times": [
        0.805905823365,
        0.785798184365,
        0.771880188365,
        0.8049477233650001,
        0.776138223365,
        0.779806448365,
        0.812228473365,
        0.8100350583650001,
        0.782317465365,
        0.786734096365
      ]
    },
    {
      "command": "dutree --usage tmp.sample",
      "mean": 3.7060829512650004,
      "stddev": 0.07903773022395051,
      "median": 3.731202911865,
      "user": 1.46463,
      "system": 2.2399595699999995,
      "min": 3.566232608365,
      "max": 3.790452003365,
      "times": [
        3.699793299365,
        3.775594025365,
        3.779515254365,
        3.748714440365,
        3.790452003365,
        3.7390100253650003,
        3.723395798365,
        3.566232608365,
        3.640691526365,
        3.597430531365
      ]
    },
    {
      "command": "dua tmp.sample",
      "mean": 0.26549564945590914,
      "stddev": 0.01582840684359285,
      "median": 0.26200265036500003,
      "user": 0.30102315454545453,
      "system": 0.22228512454545457,
      "min": 0.249439268365,
      "max": 0.30634885936500006,
      "times": [
        0.265337677365,
        0.277393860365,
        0.249439268365,
        0.261852753365,
        0.30634885936500006,
        0.25210438636500004,
        0.270456810365,
        0.264359066365,
        0.26200265036500003,
        0.25776862036500003,
        0.253388191365
      ]
    },
    {
      "command": "ncdu -o /dev/stdout -0 tmp.sample",
      "mean": 0.20434136786499998,
      "stddev": 0.005842388381791725,
      "median": 0.203992450865,
      "user": 0.08746512857142856,
      "system": 0.11645159857142857,
      "min": 0.192370671365,
      "max": 0.212146007365,
      "times": [
        0.210535296365,
        0.201162432365,
        0.204850456365,
        0.201120831365,
        0.202143738365,
        0.196325598365,
        0.192370671365,
        0.211144400365,
        0.212146007365,
        0.211724404365,
        0.206521468365,
        0.203134445365,
        0.205169959365,
        0.202429440365
      ]
    },
    {
      "command": "gdu --non-interactive --no-progress tmp.sample",
      "mean": 0.299952090665,
      "stddev": 0.008954239640862774,
      "median": 0.300272813365,
      "user": 0.37738249999999995,
      "system": 0.19545866999999997,
      "min": 0.286234316365,
      "max": 0.31184459236500006,
      "times": [
        0.29703469136500005,
        0.311582690365,
        0.31184459236500006,
        0.303510935365,
        0.286234316365,
        0.29129065136500004,
        0.29346016636500005,
        0.30391223636500003,
        0.293169115365,
        0.307481511365
      ]
    },
    {
      "command": "du tmp.sample",
      "mean": 0.19213332523999999,
      "stddev": 0.009145624574024456,
      "median": 0.193259745365,
      "user": 0.06468338750000001,
      "system": 0.1269632325,
      "min": 0.178061943365,
      "max": 0.213871684365,
      "times": [
        0.182043570365,
        0.183865382365,
        0.18850641336500001,
        0.193731648365,
        0.196765569365,
        0.194711054365,
        0.201242699365,
        0.191251631365,
        0.198612381365,
        0.192787842365,
        0.185122790365,
        0.197298872365,
        0.196377665365,
        0.213871684365,
        0.178061943365,
        0.179882055365
      ]
    }
  ]
}
