command,mean,stddev,median,user,system,min,max
pdu --no-sort --max-depth=1 tmp.sample,0.12156626069217394,0.004086310589562808,0.12192118904,0.09068420739130435,0.14760445739130434,0.11428033604,0.12983694504
dua --apparent-size tmp.sample,0.24344434820666672,0.01741103964170402,0.24301095254000002,0.26528182333333333,0.21555707333333332,0.22305512604000002,0.27969763004000003
ncdu -o /dev/null -0 tmp.sample,0.20193063524000002,0.005422588404340115,0.20242567804,0.07824332333333334,0.12327210666666666,0.19312421204000002,0.21025893504
gdu --show-apparent-size --non-interactive --no-progress tmp.sample,0.3139001041400001,0.015700784278475335,0.31758662504,0.40221349,0.19597954,0.28526606904000007,0.33098451804000006
du --apparent-size --total tmp.sample,0.18779593064000003,0.010310732558788505,0.18752782904,0.06605412333333333,0.12133444,0.17166411904,0.21086199004
