{
  "results": [
    {
      "command": "pdu --progress tmp.sample",
      "mean": 0.2078014604407143,
      "stddev": 0.0014294479182591073,
      "median": 0.20753074365500002,
      "user": 0.11246843999999999,
      "system": 0.1492840807142857,
      "min": 0.20657753315500002,
      "max": 0.21232317215500002,
      "times": [
        0.207225046155,
        0.20707474415500002,
        0.20753944815500003,
        0.20659784115500002,
        0.20806425115500002,
        0.20800235115500001,
        0.207739349155,
        0.208204953155,
        0.206984336155,
        0.21232317215500002,
        0.208454546155,
        0.207522039155,
        0.20691083515500003,
        0.20657753315500002
      ]
    },
    {
      "command": "ncdu -o /dev/stdout -1 tmp.sample",
      "mean": 0.20276143348833334,
      "stddev": 0.006594680055451533,
      "median": 0.20178870015500003,
      "user": 0.08293307333333333,
      "system": 0.11935046166666667,
      "min": 0.192277535155,
      "max": 0.216201599155,
      "times": [
        0.19352504415500002,
        0.197550871155,
        0.192277535155,
        0.206735533155,
        0.20143779715500001,
        0.203810414155,
        0.204592419155,
        0.201969601155,
        0.21269187515500002,
        0.210031257155,
        0.216201599155,
        0.20178870015500003,
        0.198893780155,
        0.200210789155,
        0.19970428615500002
      ]
    },
    {
      "command": "gdu --show-apparent-size --non-interactive tmp.sample",
      "mean": 0.305271385855,
      "stddev": 0.010108993012266346,
      "median": 0.307741201655,
      "user": 0.38754703999999995,
      "system": 0.19543019499999997,
      "min": 0.285783476155,
      "max": 0.315195477155,
      "times": [
        0.313051363155,
        0.301926686155,
        0.314680474155,
        0.315195477155,
        0.30239908915499997,
        0.304893507155,
        0.285783476155,
        0.312689820155,
        0.291505069155,
        0.310588896155
      ]
    }
  ]
}
