{
  "results": [
    {
      "command": "pdu --no-sort --max-depth=1 tmp.sample",
      "mean": 0.12156626069217394,
      "stddev": 0.004086310589562808,
      "median": 0.12192118904,
      "user": 0.09068420739130435,
      "system": 0.14760445739130434,
      "min": 0.11428033604,
      "max": 0.12983694504,
      "times": [
        0.12489761004,
        0.11708395504,
        0.12142268604,
        0.11826326304000001,
        0.11946507204000001,
        0.11926517104,
        0.12334429904000001,
        0.11503344104,
        0.11428033604,
        0.12381210304000001,
        0.11989527504,
        0.12192118904,
        0.12329069904,
        0.12338239904000001,
        0.11891506804,
        0.12193379004,
        0.11570704504000001,
        0.12835813504000002,
        0.12320359804,
        0.12678802304,
        0.12546151404,
        0.12983694504,
        0.12046237904000001
      ]
    },
    {
      "command": "dua --apparent-size tmp.sample",
      "mean": 0.24344434820666672,
      "stddev": 0.01741103964170402,
      "median": 0.24301095254000002,
      "user": 0.26528182333333333,
      "system": 0.21555707333333332,
      "min": 0.22305512604000002,
      "max": 0.27969763004000003,
      "times": [
        0.23181295804000002,
        0.24131102504000002,
        0.24749328604,
        0.26496322404000006,
        0.23257899304000001,
        0.22615084804000002,
        0.27969763004000003,
        0.25059092204000005,
        0.25504155404000006,
        0.22392573204000002,
        0.22305512604000002,
        0.24471088004000002
      ]
    },
    {
      "command": "ncdu -o /dev/null -0 tmp.sample",
      "mean": 0.20193063524000002,
      "stddev": 0.005422588404340115,
      "median": 0.20242567804,
      "user": 0.07824332333333334,
      "system": 0.12327210666666666,
      "min": 0.19312421204000002,
      "max": 0.21025893504,
      "times": [
        0.19632503504,
        0.20242567804,
        0.20863772304,
        0.19312421204000002,
        0.19934575704000002,
        0.20396699004000002,
        0.20682781004,
        0.21025893504,
        0.19456222304,
        0.20320328404000002,
        0.19700264004,
        0.20441769304000001,
        0.20215747704,
        0.19774804604000001,
        0.20895602504000002
      ]
    },
    {
      "command": "gdu --show-apparent-size --non-interactive --no-progress tmp.sample",
      "mean": 0.3139001041400001,
      "stddev": 0.015700784278475335,
      "median": 0.31758662504,
      "user": 0.40221349,
      "system": 0.19597954,
      "min": 0.28526606904000007,
      "max": 0.33098451804000006,
      "times": [
        0.30495561004000005,
        0.29438193404000007,
        0.28526606904000007,
        0.30696798704000006,
        0.32352706604000003,
        0.33007991204000003,
        0.31393150004000003,
        0.33098451804000006,
        0.32766469504000006,
        0.32124175004000005
      ]
    },
    {
      "command": "du --apparent-size --total tmp.sample",
      "mean": 0.18779593064000003,
      "stddev": 0.010310732558788505,
      "median": 0.18752782904,
      "user": 0.06605412333333333,
      "system": 0.12133444,
      "min": 0.17166411904,
      "max": 0.21086199004,
      "times": [
        0.19434917604000002,
        0.20025471604,
        0.21086199004,
        0.18454870804,
        0.17841786604,
        0.18204519104,
        0.18850183604,
        0.20007981504,
        0.18888613804,
        0.17720365804000002,
        0.17850306604000002,
        0.18439960704,
        0.17166411904,
        0.18752782904,
        0.18969524404000002
      ]
    }
  ]
}
