{
  "results": [
    {
      "command": "pdu --min-ratio=0 tmp.sample",
      "mean": 0.711822698775,
      "stddev": 0.017602216561447767,
      "median": 0.709625027475,
      "user": 0.6221022699999998,
      "system": 0.207936665,
      "min": 0.6779386579750001,
      "max": 0.737397257975,
      "times": [
        0.735138441975,
        0.713363679975,
        0.737397257975,
        0.7253245689750001,
        0.7077020379750001,
        0.7051078189750001,
        0.699474776975,
        0.705231729975,
        0.6779386579750001,
        0.711548016975
      ]
    },
    {
      "command": "dutree tmp.sample",
      "mean": 3.7292388698749996,
      "stddev": 0.10933687563692013,
      "median": 3.762020707475,
      "user": 1.46775077,
      "system": 2.2607675649999996,
      "min": 3.4540410169749998,
      "max": 3.8482894749749996,
      "times": [
        3.7571456039749997,
        3.7832408319749997,
        3.7475171069749997,
        3.766895810975,
        3.8008538439749997,
        3.8482894749749996,
        3.775052169975,
        3.4540410169749998,
        3.686622414975,
        3.672730423975
      ]
    },
    {
      "command": "ncdu -o /dev/stdout -0 tmp.sample",
      "mean": 0.200645356475,
      "stddev": 0.005611771281092842,
      "median": 0.201048940975,
      "user": 0.07289897,
      "system": 0.12735060249999997,
      "min": 0.18642718797500002,
      "max": 0.20805513997500003,
      "times": [
        0.18642718797500002,
        0.194783745975,
        0.200613487975,
        0.19980058197500003,
        0.19404804097500003,
        0.19894237597500003,
        0.19925317797500003,
        0.204362013975,
        0.201484393975,
        0.19816316997500003,
        0.20391851097500002,
        0.20163519497500001,
        0.20727143397500003,
        0.20805513997500003,
        0.20460001497500002,
        0.20696723197500003
      ]
    },
    {
      "command": "du --apparent-size tmp.sample",
      "mean": 0.18892283057500003,
      "stddev": 0.0037384384691377063,
      "median": 0.18752838397500002,
      "user": 0.05399083666666667,
      "system": 0.13453029833333333,
      "min": 0.18469267597500003,
      "max": 0.19611213997500002,
      "times": [
        0.193929539975,
        0.18469267597500003,
        0.18639548797500002,
        0.19057151697500002,
        0.191648424975,
        0.18483757697500003,
        0.189638182975,
        0.19611213997500002,
        0.186797479975,
        0.184787366975,
        0.19294211897500002,
        0.18742788397500001,
        0.184769266975,
        0.18752838397500002,
        0.19176441197500002
      ]
    }
  ]
}
