{
  "results": [
    {
      "command": "pdu --quantity=len tmp.sample",
      "mean": 0.12735201835357146,
      "stddev": 0.006480022667324099,
      "median": 0.12676920492500002,
      "user": 0.09249071261904761,
      "system": 0.15341815928571426,
      "min": 0.115617226925,
      "max": 0.14116190592500003,
      "times": [
        0.138133983925,
        0.134029355925,
        0.13053633192500003,
        0.133206849925,
        0.12514349392500002,
        0.126938905925,
        0.14116190592500003,
        0.13180834092500002,
        0.123730583925,
        0.123199278925,
        0.118728747925,
        0.124674089925,
        0.128176314925,
        0.13249894392500003,
        0.12607649992500003,
        0.12676920492500002,
        0.123912983925,
        0.12419768592500001,
        0.11663123392500001,
        0.115617226925,
        0.12922042192500002
      ]
    },
    {
      "command": "dust --apparent-size tmp.sample",
      "mean": 0.518301178025,
      "stddev": 0.038712117319575357,
      "median": 0.514440661425,
      "user": 0.668693465,
      "system": 0.224079945,
      "min": 0.46481206492500005,
      "max": 0.598694798925,
      "times": [
        0.46481206492500005,
        0.47595954292500003,
        0.496330583925,
        0.532311035925,
        0.527067899925,
        0.598694798925,
        0.5548193929249999,
        0.519476346925,
        0.509404975925,
        0.504135137925
      ]
    },
    {
      "command": "dutree tmp.sample",
      "mean": 3.8069552752249995,
      "stddev": 0.12658071302711796,
      "median": 3.7988638309250002,
      "user": 1.505458465,
      "system": 2.2995701449999997,
      "min": 3.6191903559250003,
      "max": 3.9822110899250003,
      "times": [
        3.708161484925,
        3.6788660749249997,
        3.6191903559250003,
        3.958191817925,
        3.920564152925,
        3.7971516909250003,
        3.712577298925,
        3.800575970925,
        3.9822110899250003,
        3.892062814925
      ]
    },
    {
      "command": "dua --apparent-size tmp.sample",
      "mean": 0.23732403800833335,
      "stddev": 0.01348774145362671,
      "median": 0.23420458292500002,
      "user": 0.26091858166666665,
      "system": 0.20690444499999996,
      "min": 0.216021107925,
      "max": 0.267415861925,
      "times": [
        0.24895953492500003,
        0.22907579792500002,
        0.23046640692500003,
        0.23077240992500003,
        0.23798905892500002,
        0.267415861925,
        0.22783188992500003,
        0.25273526092500004,
        0.23443873392500003,
        0.23397043192500003,
        0.216021107925,
        0.23821196092500002
      ]
    },
    {
      "command": "ncdu -o /dev/stdout -0 tmp.sample",
      "mean": 0.19697233012500004,
      "stddev": 0.005383578608491262,
      "median": 0.19588356892500003,
      "user": 0.08388213166666668,
      "system": 0.11271551166666666,
      "min": 0.18979592692500002,
      "max": 0.205617535925,
      "times": [
        0.19614027092500003,
        0.205617535925,
        0.20286501792500003,
        0.204997831925,
        0.19195504192500001,
        0.19162063992500003,
        0.19588356892500003,
        0.205588635925,
        0.19339585192500003,
        0.19779408192500003,
        0.193463852925,
        0.18979592692500002,
        0.19374005492500002,
        0.198289484925,
        0.19343715492500002
      ]
    },
    {
      "command": "gdu --show-apparent-size --non-interactive --no-progress tmp.sample",
      "mean": 0.29715031172499995,
      "stddev": 0.010997215465041453,
      "median": 0.29828082992500005,
      "user": 0.3758257649999999,
      "system": 0.193756045,
      "min": 0.28016685492500004,
      "max": 0.312514177925,
      "times": [
        0.28016685492500004,
        0.29226763792500005,
        0.309780458925,
        0.30396841892500004,
        0.28045535592500004,
        0.301834803925,
        0.312514177925,
        0.29395374892500004,
        0.295065657925,
        0.30149600192500003
      ]
    },
    {
      "command": "du --apparent-size tmp.sample",
      "mean": 0.1821280711125,
      "stddev": 0.006671275254114125,
      "median": 0.180718167925,
      "user": 0.0583433525,
      "system": 0.12338838249999999,
      "min": 0.17300341392500002,
      "max": 0.19494876592500002,
      "times": [
        0.18441419292500003,
        0.188977724925,
        0.18707681192500003,
        0.181041669925,
        0.17300341392500002,
        0.19494876592500002,
        0.18039466592500003,
        0.17585743392500003,
        0.18429529192500002,
        0.18565110192500003,
        0.17817114992500002,
        0.17816374992500003,
        0.17592023392500003,
        0.174738926925,
        0.19384335792500001,
        0.17755064592500003
      ]
    }
  ]
}
