{
  "results": [
    {
      "command": "pdu --top-down tmp.sample",
      "mean": 0.12239138337152176,
      "stddev": 0.0037519510238556834,
      "median": 0.122780533415,
      "user": 0.09302269891304348,
      "system": 0.14643020043478258,
      "min": 0.115946687415,
      "max": 0.128813074415,
      "times": [
        0.12462904541500001,
        0.128813074415,
        0.124485745415,
        0.123059435415,
        0.122087928415,
        0.12517345041500003,
        0.12865127341500002,
        0.120207916415,
        0.12645035841500002,
        0.116132489415,
        0.116567992415,
        0.122780533415,
        0.125149650415,
        0.125277150415,
        0.124903647415,
        0.12104792241500001,
        0.117233697415,
        0.118729306415,
        0.12138052441500001,
        0.121455925415,
        0.115946687415,
        0.12461264641500001,
        0.12022541641500001
      ]
    },
    {
      "command": "dust --apparent-size --reverse tmp.sample",
      "mean": 0.535694871415,
      "stddev": 0.06612865524409553,
      "median": 0.521012472415,
      "user": 0.6987829249999999,
      "system": 0.23260826999999998,
      "min": 0.477684430415,
      "max": 0.701430538415,
      "times": [
        0.497002561415,
        0.48188985841500004,
        0.477684430415,
        0.5106303524150001,
        0.5374765334150001,
        0.5313945924150001,
        0.495241748415,
        0.547087698415,
        0.701430538415,
        0.5771104004150001
      ]
    },
    {
      "command": "dutree tmp.sample",
      "mean": 3.7094335371150002,
      "stddev": 0.05391451191367445,
      "median": 3.7074635844149997,
      "user": 1.4630301250000002,
      "system": 2.2457416699999997,
      "min": 3.630801782415,
      "max": 3.777630002415,
      "times": [
        3.757994472415,
        3.6723218534149997,
        3.757538501415,
        3.6601082744149998,
        3.630801782415,
        3.658996364415,
        3.7330929724149997,
        3.6818341964149996,
        3.764016951415,
        3.777630002415
      ]
    }
  ]
}
