command,mean,stddev,median,user,system,min,max
pdu --no-sort tmp.sample,0.12789760941652173,0.0039610626127970245,0.12813591946,0.09374102195652176,0.1565151965217391,0.11957426546000001,0.13531446546
du --apparent-size tmp.sample,0.18828263159333333,0.00658569684288655,0.19000512646,0.06503766833333333,0.12281843999999999,0.17404941446,0.19660865846
dua --apparent-size tmp.sample,0.24451352473272728,0.01429314201224415,0.24159708546,0.25698884409090905,0.22551423999999995,0.22373106146,0.26727316546
ncdu -o /dev/stdout -0 tmp.sample,0.20193271592666667,0.008465392805647525,0.19965139246,0.07596606833333333,0.12552450666666667,0.19175863846,0.21791902146
gdu --show-apparent-size --non-interactive --no-progress tmp.sample,0.29588786946,0.009927676490250135,0.29475116196,0.36460223499999994,0.20012513999999998,0.28166107046,0.31499780246000003
